,M,N,lb,ub,makespan,iters,total_t,prep_t,iter_t,d,tau,pmax,pmin,cols,box_size,box_bound
0,2,10,100,800,1046.5,11,0.0,0.0,0.0,1,2,299,299,11.545454545454545,117.81818181818181,10.0
1,2,10,100,800,1881.0,12,0.06958333333333333,5.798611111111111e-06,5.798611111111111e-06,5,2,778,130,181.83333333333334,504.0,4.0
2,2,10,100,800,1499.0,11,0.2656363636363636,2.414876033057851e-05,2.414876033057851e-05,7,2,650,171,436.6363636363636,324.0,2.0
3,2,10,100,800,3117.0,12,0.17483333333333334,1.4569444444444445e-05,1.4569444444444445e-05,4,1,794,144,53.5,156.83333333333334,5.0
4,2,10,100,800,3380.0,12,0.0003333333333333333,2.7777777777777777e-08,2.7777777777777777e-08,2,1,751,376,14.916666666666666,88.5,8.0
5,2,10,100,800,2294.0,11,0.00027272727272727274,2.4793388429752066e-08,2.4793388429752066e-08,2,1,532,410,17.90909090909091,115.0,7.0
6,2,10,100,800,1938.0,11,9.09090909090909e-05,8.264462809917355e-09,8.264462809917355e-09,2,2,572,444,20.727272727272727,274.54545454545456,9.0
7,2,10,100,800,1977.0,12,0.03175,2.6458333333333336e-06,2.6458333333333336e-06,5,2,788,342,217.91666666666666,354.0,3.0
8,2,10,100,800,1151.0,11,0.24372727272727274,2.215702479338843e-05,2.215702479338843e-05,4,1,735,138,36.81818181818182,378.0,7.0
9,2,10,100,800,1552.0,10,0.0064,6.4e-07,6.4e-07,3,1,374,215,40.8,140.6,5.0
10,2,10,100,800,1381.0,11,0.010363636363636363,9.421487603305784e-07,9.421487603305784e-07,4,2,678,208,97.36363636363636,500.0,5.0
11,2,10,100,800,962.5,11,0.0016363636363636363,1.4876033057851238e-07,1.4876033057851238e-07,3,2,681,216,36.63636363636363,624.0,8.0
12,2,10,100,800,1723.0,11,0.19354545454545455,1.759504132231405e-05,1.759504132231405e-05,4,1,603,224,55.36363636363637,250.0,5.0
13,2,10,100,800,1736.5,11,0.0015454545454545454,1.4049586776859503e-07,1.4049586776859503e-07,3,2,751,422,48.81818181818182,532.0,7.0
14,2,10,100,800,1524.0,10,0.0068,6.8e-07,6.8e-07,3,1,639,112,40.3,175.0,5.0
15,2,10,100,800,1442.0,11,9.09090909090909e-05,8.264462809917355e-09,8.264462809917355e-09,2,2,421,412,20.818181818181817,295.6363636363636,9.0
16,2,10,100,800,2341.5,12,0.0,0.0,0.0,1,2,669,669,11.583333333333334,118.5,10.0
17,2,10,100,800,725.0,10,0.0,0.0,0.0,1,1,145,145,6.3,43.7,10.0
18,2,10,100,800,2502.0,11,0.2349090909090909,2.1355371900826444e-05,2.1355371900826444e-05,4,1,780,208,61.0,207.8181818181818,5.0
19,2,10,100,800,826.0,10,0.0001,1e-08,1e-08,2,2,398,214,20.5,322.4,9.0
20,2,10,100,800,2577.0,12,0.0003333333333333333,2.7777777777777777e-08,2.7777777777777777e-08,2,1,556,353,14.833333333333334,88.5,8.0
21,2,10,100,800,2221.0,12,0.01025,8.541666666666667e-07,8.541666666666667e-07,4,2,764,146,97.16666666666667,500.0,5.0
22,2,10,100,800,2625.0,12,0.0,0.0,0.0,1,2,750,750,11.583333333333334,118.5,10.0
23,2,10,100,800,1605.0,11,9.09090909090909e-05,8.264462809917355e-09,8.264462809917355e-09,2,2,694,321,35.45454545454545,264.0,6.0
24,2,10,100,800,2714.0,12,0.012583333333333334,1.0486111111111112e-06,1.0486111111111112e-06,3,1,673,470,35.666666666666664,190.66666666666666,6.0
25,2,10,100,800,2148.0,11,0.00027272727272727274,2.4793388429752066e-08,2.4793388429752066e-08,2,1,767,358,11.181818181818182,125.18181818181819,9.0
26,2,10,100,800,742.0,10,0.0,0.0,0.0,1,2,212,212,11.6,118.8,10.0
27,2,10,100,800,2090.5,12,0.0015,1.25e-07,1.25e-07,3,2,747,223,48.833333333333336,357.8333333333333,7.0
28,2,10,100,800,2456.5,12,8.333333333333333e-05,6.944444444444444e-09,6.944444444444444e-09,2,2,742,461,20.833333333333332,268.8333333333333,9.0
29,2,10,100,800,951.0,11,9.09090909090909e-05,8.264462809917355e-09,8.264462809917355e-09,2,2,347,257,32.45454545454545,316.72727272727275,7.0
30,2,10,100,800,1800.0,11,0.00027272727272727274,2.4793388429752066e-08,2.4793388429752066e-08,2,1,698,300,11.363636363636363,130.27272727272728,9.0
31,2,10,100,800,1613.5,11,0.0,0.0,0.0,1,2,461,461,11.545454545454545,117.81818181818181,10.0
32,2,10,100,800,1995.0,11,0.00027272727272727274,2.4793388429752066e-08,2.4793388429752066e-08,2,1,399,302,11.181818181818182,103.45454545454545,9.0
33,2,10,100,800,1499.0,11,57.99036363636364,0.005271851239669422,0.005271851239669422,6,1,752,144,110.36363636363636,410.0,5.0
34,2,10,100,800,1449.5,11,0.05990909090909091,5.446280991735537e-06,5.446280991735537e-06,5,2,767,130,161.9090909090909,504.0,4.0
35,2,10,100,800,1737.0,12,8.333333333333333e-05,6.944444444444444e-09,6.944444444444444e-09,2,2,548,186,20.5,264.3333333333333,9.0
36,2,10,100,800,2078.0,12,0.12875,1.0729166666666667e-05,1.0729166666666667e-05,5,2,699,322,145.58333333333334,660.0,5.0
37,2,10,100,800,1611.0,11,0.011818181818181818,1.0743801652892562e-06,1.0743801652892562e-06,4,2,675,261,109.81818181818181,394.54545454545456,5.0
38,2,10,100,800,1701.0,12,0.022416666666666668,1.8680555555555558e-06,1.8680555555555558e-06,4,2,667,371,64.83333333333333,635.0,7.0
39,2,10,100,800,1827.0,12,0.0,0.0,0.0,2,2,738,351,36.916666666666664,210.0,5.0
40,2,10,100,800,2165.5,11,9.09090909090909e-05,8.264462809917355e-09,8.264462809917355e-09,2,2,788,393,35.27272727272727,205.45454545454547,6.0
41,2,10,100,800,2710.0,12,0.0,0.0,0.0,1,1,542,542,6.25,43.083333333333336,10.0
42,2,10,100,800,2925.0,12,0.0,0.0,0.0,1,1,585,585,6.25,43.083333333333336,10.0
43,2,10,100,800,3130.0,11,0.012181818181818183,1.1074380165289257e-06,1.1074380165289257e-06,3,1,761,505,27.181818181818183,175.8181818181818,7.0
44,2,10,100,800,2374.0,11,0.0014545454545454545,1.3223140495867768e-07,1.3223140495867768e-07,3,1,560,418,45.81818181818182,132.0,4.0
45,2,10,100,800,3022.0,12,0.01125,9.374999999999999e-07,9.374999999999999e-07,3,1,736,142,26.333333333333332,143.08333333333334,7.0
46,2,10,100,800,2487.0,12,0.0003333333333333333,2.7777777777777777e-08,2.7777777777777777e-08,2,1,647,460,15.083333333333334,116.75,8.0
47,2,10,100,800,2312.0,12,0.0003333333333333333,2.7777777777777777e-08,2.7777777777777777e-08,2,1,756,389,15.333333333333334,125.91666666666667,8.0
48,2,10,100,800,1313.0,11,0.0011818181818181819,1.0743801652892563e-07,1.0743801652892563e-07,3,2,784,137,56.54545454545455,444.0,6.0
49,2,10,100,800,1473.0,11,9.09090909090909e-05,8.264462809917355e-09,8.264462809917355e-09,2,2,519,318,35.45454545454545,214.9090909090909,6.0
50,2,10,100,800,1446.0,11,9.09090909090909e-05,8.264462809917355e-09,8.264462809917355e-09,2,2,796,168,36.0,264.0,6.0
51,2,10,100,800,2188.0,12,0.7638333333333334,6.365277777777778e-05,6.365277777777778e-05,5,1,767,144,109.33333333333333,177.0,3.0
52,2,10,100,800,1322.5,11,9.09090909090909e-05,8.264462809917355e-09,8.264462809917355e-09,2,2,770,221,32.54545454545455,322.0,7.0
53,2,10,100,800,1212.5,11,9.09090909090909e-05,8.264462809917355e-09,8.264462809917355e-09,2,2,457,199,35.45454545454545,205.45454545454547,6.0
54,2,10,100,800,1857.0,11,0.006545454545454545,5.950413223140495e-07,5.950413223140495e-07,4,2,769,175,121.27272727272727,384.0,4.0
55,2,10,100,800,2098.0,12,0.0011666666666666668,9.722222222222222e-08,9.722222222222222e-08,3,2,760,377,56.833333333333336,357.8333333333333,6.0
56,2,10,100,800,1180.0,11,0.0,0.0,0.0,1,1,236,236,6.2727272727272725,43.36363636363637,10.0
57,2,10,100,800,1089.0,10,0.0065,6.499999999999999e-07,6.499999999999999e-07,4,2,531,211,121.3,384.0,4.0
58,2,10,100,800,2798.0,11,0.00027272727272727274,2.4793388429752066e-08,2.4793388429752066e-08,2,1,567,530,18.272727272727273,98.9090909090909,7.0
59,2,10,100,800,785.0,10,0.0001,1e-08,1e-08,2,2,227,208,20.7,275.6,9.0
60,2,10,100,800,3105.0,12,0.00775,6.458333333333333e-07,6.458333333333333e-07,3,1,769,501,40.833333333333336,164.25,5.0
61,2,10,100,800,2648.0,11,0.00027272727272727274,2.4793388429752066e-08,2.4793388429752066e-08,2,1,607,478,18.0,115.0,7.0
62,2,10,100,800,1078.0,11,0.00027272727272727274,2.4793388429752066e-08,2.4793388429752066e-08,2,1,769,154,11.545454545454545,166.1818181818182,9.0
63,2,10,100,800,1644.5,11,0.2200909090909091,2.0008264462809916e-05,2.0008264462809916e-05,6,2,763,166,290.8181818181818,444.0,3.0
64,2,10,100,800,878.0,11,0.0017272727272727272,1.5702479338842976e-07,1.5702479338842976e-07,3,2,774,134,36.72727272727273,624.0,8.0
65,2,10,100,800,937.0,10,0.0171,1.7100000000000001e-06,1.7100000000000001e-06,4,2,743,168,85.1,624.0,6.0
66,2,10,100,800,3314.0,11,4.199,0.00038172727272727273,0.00038172727272727273,5,1,788,403,63.09090909090909,288.0,6.0
67,2,10,100,800,2715.0,12,0.0,0.0,0.0,1,1,543,543,6.25,43.083333333333336,10.0
68,2,10,100,800,500.0,9,0.0,0.0,0.0,1,1,100,100,6.333333333333333,44.111111111111114,10.0
69,2,10,100,800,1491.0,11,0.27254545454545454,2.477685950413223e-05,2.477685950413223e-05,7,2,674,162,435.90909090909093,324.0,2.0
70,2,10,100,800,1515.0,10,0.0003,3e-08,3e-08,2,1,303,162,11.2,103.1,9.0
71,2,10,100,800,1720.0,10,0.0003,3e-08,3e-08,2,1,344,279,11.3,105.8,9.0
72,2,10,100,800,2536.0,11,0.11554545454545455,1.0504132231404958e-05,1.0504132231404958e-05,4,1,764,226,68.54545454545455,192.0,4.0
73,2,10,100,800,2128.0,12,0.007083333333333333,5.902777777777778e-07,5.902777777777778e-07,3,1,578,197,40.083333333333336,106.33333333333333,5.0
74,2,10,100,800,1306.0,11,0.0011818181818181819,1.0743801652892563e-07,1.0743801652892563e-07,3,2,718,244,56.63636363636363,435.45454545454544,6.0
75,2,10,100,800,1980.0,11,0.11572727272727273,1.0520661157024795e-05,1.0520661157024795e-05,4,1,796,116,68.18181818181819,192.0,4.0
76,2,10,100,800,2201.0,12,0.0003333333333333333,2.7777777777777777e-08,2.7777777777777777e-08,2,1,516,137,14.916666666666666,86.41666666666667,8.0
77,2,10,100,800,1083.5,11,9.09090909090909e-05,8.264462809917355e-09,8.264462809917355e-09,2,2,392,207,35.63636363636363,214.9090909090909,6.0
78,2,10,100,800,2068.0,11,0.010272727272727272,9.338842975206611e-07,9.338842975206611e-07,3,1,472,278,31.272727272727273,144.0909090909091,6.0
79,2,10,100,800,1515.0,11,0.0007272727272727272,6.611570247933884e-08,6.611570247933884e-08,3,2,673,169,60.81818181818182,271.8181818181818,5.0
80,2,10,100,800,2856.0,12,0.00025,2.0833333333333335e-08,2.0833333333333335e-08,2,1,732,531,11.25,111.91666666666667,9.0
81,2,10,100,800,2650.0,12,0.01275,1.0625e-06,1.0625e-06,3,1,566,423,35.333333333333336,146.66666666666666,6.0
82,2,10,100,800,2788.0,12,0.10841666666666666,9.034722222222221e-06,9.034722222222221e-06,4,1,721,448,68.5,192.0,4.0
83,2,10,100,800,1400.0,10,0.0109,1.09e-06,1.09e-06,3,1,359,247,32.4,189.1,6.0
84,2,10,100,800,2530.0,11,0.00909090909090909,8.264462809917355e-07,8.264462809917355e-07,3,1,730,111,19.90909090909091,171.9090909090909,8.0
85,2,10,100,800,2537.0,12,8.333333333333333e-05,6.944444444444444e-09,6.944444444444444e-09,2,2,796,630,32.75,264.3333333333333,7.0
86,2,10,100,800,3125.0,12,0.006416666666666667,5.347222222222222e-07,5.347222222222222e-07,3,1,717,487,33.5,139.16666666666666,5.0
87,2,10,100,800,773.5,10,0.0,0.0,0.0,1,2,221,221,11.6,118.8,10.0
88,2,10,100,800,2326.0,11,0.1119090909090909,1.0173553719008264e-05,1.0173553719008264e-05,4,1,702,117,69.0,192.0,4.0
89,2,10,100,800,2060.0,11,0.00027272727272727274,2.4793388429752066e-08,2.4793388429752066e-08,2,1,412,173,10.909090909090908,96.45454545454545,9.0
90,2,10,100,800,3305.0,12,0.08533333333333333,7.111111111111111e-06,7.111111111111111e-06,4,1,783,428,56.666666666666664,192.0,4.0
91,2,10,100,800,2343.0,11,9.09090909090909e-05,8.264462809917355e-09,8.264462809917355e-09,2,2,781,477,32.63636363636363,229.63636363636363,7.0
92,2,10,100,800,1097.0,10,0.0008,8e-08,8e-08,3,2,574,138,60.7,350.0,5.0
93,2,10,100,800,2907.0,12,0.009583333333333333,7.986111111111111e-07,7.986111111111111e-07,3,1,645,310,20.0,146.66666666666666,8.0
94,2,10,100,800,1893.0,11,0.0003636363636363636,3.305785123966942e-08,3.305785123966942e-08,2,1,569,331,15.272727272727273,122.9090909090909,8.0
95,2,10,100,800,1964.0,11,0.26636363636363636,2.421487603305785e-05,2.421487603305785e-05,4,1,548,300,47.54545454545455,261.27272727272725,6.0
96,2,10,100,800,2242.0,12,0.012833333333333334,1.0694444444444445e-06,1.0694444444444445e-06,3,1,691,378,35.916666666666664,198.5,6.0
97,2,10,100,800,2126.0,12,0.00075,6.25e-08,6.25e-08,3,2,703,604,60.666666666666664,350.0,5.0
98,2,10,100,800,952.0,11,0.0,0.0,0.0,1,2,272,272,11.636363636363637,119.45454545454545,10.0
99,2,10,100,800,889.0,11,0.0,0.0,0.0,1,2,254,254,11.545454545454545,117.81818181818181,10.0
100,2,30,100,800,4672.0,13,8475.0,6.0,8469.0,3,2,584,112,459.9230769230769,1378.1538461538462,18.0
101,2,30,100,800,9780.0,14,1061.0,8.0,1053.0,2,1,736,646,46.92857142857143,436.85714285714283,28.0
102,2,30,100,800,6603.0,12,858491.0,7.0,858484.0,3,1,563,333,202.83333333333334,664.4166666666666,22.0
103,2,30,100,800,4130.0,12,36.0,6.0,30.0,2,2,413,347,60.916666666666664,1117.0,29.0
104,2,30,100,800,3161.5,12,117549242.0,9.0,117549233.0,5,2,775,220,1780.8333333333333,3440.0,20.0
105,2,30,100,800,2629.5,12,13321.0,6.0,13315.0,3,2,700,208,380.75,2120.6666666666665,24.0
106,2,30,100,800,8580.0,13,1095221.0,5.0,1095216.0,3,1,785,484,221.46153846153845,827.6923076923077,21.0
107,2,30,100,800,0.0,1,0.0,0.0,0.0,6,2,704,199,20158.0,2112.0,11.0
108,2,30,100,800,4477.0,13,5873.0,9.0,5864.0,3,2,762,147,169.53846153846155,1902.3076923076924,27.0
109,2,30,100,800,0.0,13,0.0,0.0,0.0,5,2,745,108,1774.3846153846155,3058.923076923077,21.0
110,2,30,100,800,3015.0,12,0.0,0.0,0.0,1,1,201,201,16.916666666666668,179.75,30.0
111,2,30,100,800,1081.5,11,33.0,5.0,28.0,2,2,238,103,60.72727272727273,1192.3636363636363,29.0
112,2,30,100,800,2663.0,12,170221854.0,7.0,170221847.0,5,2,754,101,1775.4166666666667,3654.0,21.0
113,2,30,100,800,0.0,1,0.0,0.0,0.0,5,1,767,136,2934.0,948.0,12.0
114,2,30,100,800,6230.0,13,0.0,0.0,0.0,1,2,623,623,31.23076923076923,470.7692307692308,30.0
115,2,30,100,800,4824.0,13,1631219.0,8.0,1631211.0,4,2,615,222,1742.6923076923076,1912.3076923076924,17.0
116,2,30,100,800,0.0,1,0.0,0.0,0.0,6,1,683,119,3758.0,1648.0,16.0
117,2,30,100,800,2592.0,12,877.0,7.0,870.0,2,1,246,124,140.16666666666666,504.0,18.0
118,2,30,100,800,3436.0,12,2878488.0,10.0,2878478.0,4,2,700,141,3811.3333333333335,1586.0,13.0
119,2,30,100,800,1554.0,11,8263.0,5.0,8258.0,3,2,597,116,303.54545454545456,2352.0,24.0
120,2,30,100,800,0.0,1,0.0,0.0,0.0,5,1,720,293,521.0,2225.0,25.0
121,2,30,100,800,0.0,1,0.0,0.0,0.0,5,1,766,225,2632.0,1615.0,19.0
122,2,30,100,800,0.0,1,0.0,0.0,0.0,5,1,669,327,1321.0,1512.0,18.0
123,2,30,100,800,0.0,2,0.0,0.0,0.0,4,1,681,162,1754.5,793.0,13.0
124,2,30,100,800,5601.0,12,2562.0,6.0,2556.0,2,1,557,294,124.5,555.25,21.0
125,2,30,100,800,0.0,1,0.0,0.0,0.0,5,1,690,215,8245.0,584.0,8.0
126,2,30,100,800,0.0,1,0.0,0.0,0.0,5,1,676,251,2032.0,1615.0,19.0
127,2,30,100,800,0.0,1,0.0,0.0,0.0,6,1,620,117,24753.0,837.0,9.0
128,2,30,100,800,0.0,1,0.0,0.0,0.0,4,1,626,104,1913.0,868.0,14.0
129,2,30,100,800,1902.0,12,2772041.0,8.0,2772033.0,4,2,524,125,2011.1666666666667,2340.0,18.0
130,2,30,100,800,6231.0,13,1754741.0,8.0,1754733.0,3,1,800,351,240.15384615384616,845.5384615384615,23.0
131,2,30,100,800,0.0,1,0.0,0.0,0.0,6,1,715,288,7281.0,1515.0,15.0
132,2,30,100,800,3230.0,13,40.0,6.0,34.0,2,2,323,183,61.30769230769231,1127.6923076923076,29.0
133,2,30,100,800,0.0,1,0.0,0.0,0.0,4,1,672,199,2959.0,868.0,14.0
134,2,30,100,800,7790.0,13,2736887.0,7.0,2736880.0,3,1,670,104,298.0,510.0769230769231,22.0
135,2,30,100,800,3892.5,13,60823518.0,17.0,60823501.0,5,2,787,180,7980.153846153846,1520.0,10.0
136,2,30,100,800,0.0,1,0.0,0.0,0.0,5,1,771,418,2983.0,1040.0,13.0
137,2,30,100,800,7159.5,14,1408977.0,6.0,1408971.0,4,2,761,173,326.42857142857144,2371.4285714285716,26.0
138,2,30,100,800,5060.0,13,4773.0,5.0,4768.0,3,2,608,342,117.23076923076923,1819.6923076923076,28.0
139,2,30,100,800,0.0,1,0.0,0.0,0.0,6,2,799,242,6657.0,3780.0,18.0
140,2,30,100,800,2980.0,12,511482.0,9.0,511473.0,3,1,486,149,146.16666666666666,980.5,25.0
141,2,30,100,800,0.0,1,0.0,0.0,0.0,6,2,728,392,7669.0,3536.0,17.0
142,2,30,100,800,0.0,1,0.0,0.0,0.0,4,1,553,205,3466.0,793.0,13.0
143,2,30,100,800,0.0,1,0.0,0.0,0.0,5,1,554,179,6381.0,1134.0,14.0
144,2,30,100,800,4560.0,13,2212762.0,7.0,2212755.0,3,1,718,193,273.15384615384613,1056.0,22.0
145,2,30,100,800,0.0,1,0.0,0.0,0.0,6,2,778,111,9565.0,2800.0,14.0
146,2,30,100,800,0.0,1,0.0,0.0,0.0,5,1,715,198,1662.0,1615.0,19.0
147,2,30,100,800,0.0,1,0.0,0.0,0.0,7,1,740,122,12001.0,2108.0,17.0
148,2,30,100,800,5241.5,13,10147.0,7.0,10140.0,3,2,530,468,424.0769230769231,1761.2307692307693,20.0
149,2,30,100,800,10260.0,13,476.0,7.0,469.0,2,1,684,590,32.53846153846154,427.61538461538464,29.0
150,2,30,100,800,3665.0,12,163073724.0,7.0,163073717.0,5,2,418,260,1777.5,3388.1666666666665,21.0
151,2,30,100,800,7550.0,13,822422.0,6.0,822416.0,3,1,706,488,170.46153846153845,724.6153846153846,25.0
152,2,30,100,800,10008.0,14,478.0,6.0,472.0,2,1,740,662,32.57142857142857,434.85714285714283,29.0
153,2,30,100,800,5420.0,13,10840.0,7.0,10833.0,3,2,680,134,399.46153846153845,1949.3846153846155,21.0
154,2,30,100,800,0.0,1,0.0,0.0,0.0,7,2,661,186,26106.0,1998.0,9.0
155,2,30,100,800,9705.0,13,444.0,8.0,436.0,2,1,647,469,32.53846153846154,427.61538461538464,29.0
156,2,30,100,800,0.0,1,0.0,0.0,0.0,5,1,762,125,2870.0,1230.0,15.0
157,2,30,100,800,0.0,1,0.0,0.0,0.0,6,1,608,306,8878.0,1400.0,14.0
158,2,30,100,800,6570.0,13,1131185.0,6.0,1131179.0,4,2,799,232,1995.5384615384614,1736.0,14.0
159,2,30,100,800,7251.0,14,1633678.0,8.0,1633670.0,4,2,776,193,225.78571428571428,2359.0,27.0
160,2,30,100,800,3888.0,12,116.0,7.0,109.0,2,2,432,243,194.16666666666666,992.6666666666666,23.0
161,2,30,100,800,0.0,1,0.0,0.0,0.0,6,1,725,165,6190.0,1515.0,17.0
162,2,30,100,800,5477.0,13,133.0,4.0,129.0,2,2,701,482,221.69230769230768,1218.0,21.0
163,2,30,100,800,0.0,12,0.0,0.0,0.0,5,2,789,136,2543.8333333333335,3079.0,20.0
164,2,30,100,800,2656.0,12,1763726.0,7.0,1763719.0,4,2,788,116,1271.5833333333333,2640.0,20.0
165,2,30,100,800,0.0,1,0.0,0.0,0.0,5,1,781,145,802.0,2136.0,24.0
166,2,30,100,800,5784.0,13,97.0,5.0,92.0,2,2,752,347,254.46153846153845,816.7692307692307,17.0
167,2,30,100,800,4514.0,12,1708.0,4.0,1704.0,2,1,769,248,62.416666666666664,551.5833333333334,27.0
168,2,30,100,800,4909.5,13,139502537.0,12.0,139502525.0,5,2,787,387,2419.5384615384614,3230.0,19.0
169,2,30,100,800,3700.5,13,102912241.0,11.0,102912230.0,5,2,745,223,2451.230769230769,3024.0,18.0
170,2,30,100,800,6516.0,13,2918.0,6.0,2912.0,2,1,484,177,84.38461538461539,373.3076923076923,25.0
171,2,30,100,800,2123.0,11,13334.0,6.0,13328.0,3,2,541,135,378.90909090909093,2352.0,24.0
172,2,30,100,800,0.0,1,0.0,0.0,0.0,7,1,763,147,8955.0,1815.0,15.0
173,2,30,100,800,3528.0,12,3277.0,5.0,3272.0,2,1,236,232,106.25,425.0,23.0
174,2,30,100,800,0.0,12,0.0,0.0,0.0,5,2,793,515,5812.833333333333,2460.0,15.0
175,2,30,100,800,5475.0,13,3122024.0,8.0,3122016.0,3,1,385,284,541.2307692307693,632.9230769230769,15.0
176,2,30,100,800,1760.0,11,126244915.0,9.0,126244906.0,5,2,569,119,2544.818181818182,3230.0,19.0
177,2,30,100,800,5400.0,12,978964.0,6.0,978958.0,3,1,404,275,221.33333333333334,725.25,21.0
178,2,30,100,800,2840.5,12,9661.0,6.0,9655.0,3,2,315,210,399.5,1641.3333333333333,21.0
179,2,30,100,800,3347.0,12,8796.0,7.0,8789.0,3,2,761,229,302.8333333333333,2352.0,24.0
180,2,30,100,800,0.0,9,0.0,0.0,0.0,5,2,799,549,5785.444444444444,2656.0,16.0
181,2,30,100,800,4728.0,13,654735.0,11.0,654724.0,4,2,627,214,2418.846153846154,1298.0,11.0
182,2,30,100,800,5593.0,13,139352483.0,9.0,139352474.0,4,1,763,329,331.0769230769231,1150.923076923077,24.0
183,2,30,100,800,6600.0,14,16334.0,7.0,16327.0,3,2,735,291,402.7857142857143,1590.857142857143,24.0
184,2,30,100,800,0.0,1,0.0,0.0,0.0,4,1,773,363,3338.0,720.0,12.0
185,2,30,100,800,0.0,2,0.0,0.0,0.0,4,1,448,162,811.0,1288.5,22.0
186,2,30,100,800,0.0,1,0.0,0.0,0.0,5,1,736,132,6547.0,760.0,10.0
187,2,30,100,800,0.0,1,0.0,0.0,0.0,6,2,785,163,4501.0,3990.0,19.0
188,2,30,100,800,5009.0,13,1455098.0,6.0,1455092.0,3,1,447,205,372.0,566.7692307692307,15.0
189,2,30,100,800,0.0,1,0.0,0.0,0.0,6,2,622,362,3059.0,4240.0,21.0
190,2,30,100,800,7177.0,13,71219191.0,7.0,71219184.0,4,1,515,112,253.3846153846154,891.0,25.0
191,2,30,100,800,0.0,1,0.0,0.0,0.0,5,1,521,167,4580.0,1230.0,15.0
192,2,30,100,800,2899.0,12,8203.0,4.0,8199.0,3,2,767,223,245.83333333333334,2499.0,26.0
193,2,30,100,800,4566.0,12,26526044.0,7.0,26526037.0,4,1,552,202,177.41666666666666,1031.75,26.0
194,2,30,100,800,5430.0,13,1304435.0,8.0,1304427.0,4,2,797,211,471.46153846153845,2509.846153846154,25.0
195,2,30,100,800,7759.0,13,1307317.0,6.0,1307311.0,4,2,797,454,326.6923076923077,2499.5384615384614,26.0
196,2,30,100,800,0.0,1,0.0,0.0,0.0,4,1,491,195,1911.0,868.0,14.0
197,2,30,100,800,5640.0,13,20630.0,8.0,20622.0,3,2,736,268,1270.6923076923076,1118.0,13.0
198,2,30,100,800,10905.0,13,442.0,5.0,437.0,2,1,727,696,32.46153846153846,427.61538461538464,29.0
199,2,30,100,800,4837.5,13,130.0,7.0,123.0,2,2,497,444,208.84615384615384,1078.923076923077,22.0
200,3,10,100,800,1043.0,12,1288.0,6.0,1282.0,5,2,468,147,114.91666666666667,504.0,4.0
201,3,10,100,800,1104.0,12,1.0,1.0,0.0,2,2,560,276,27.0,264.0,6.0
202,3,10,100,800,2156.0,12,13.0,9.0,4.0,2,1,702,539,8.333333333333334,79.91666666666667,9.0
203,3,10,100,800,2349.0,12,35146.0,6.0,35140.0,4,1,783,253,26.166666666666668,129.5,7.0
204,3,10,100,800,1111.0,11,101.0,6.0,95.0,4,2,768,231,84.27272727272727,384.0,4.0
205,3,10,100,800,2196.0,13,0.0,0.0,0.0,1,2,732,732,10.076923076923077,95.07692307692308,10.0
206,3,10,100,800,1887.0,12,570.0,6.0,564.0,3,1,629,434,21.0,135.58333333333334,5.0
207,3,10,100,800,1044.0,11,16.0,4.0,12.0,3,2,577,283,41.72727272727273,444.0,6.0
208,3,10,100,800,1309.5,11,9.0,7.0,2.0,3,2,697,246,57.54545454545455,264.0,4.0
209,3,10,100,800,382.5,10,1.0,1.0,0.0,2,2,465,100,15.7,327.2,9.0
210,3,10,100,800,1492.0,12,2.0,2.0,0.0,2,2,746,559,13.333333333333334,138.33333333333334,9.0
211,3,10,100,800,896.0,11,3.0,3.0,0.0,2,1,269,224,12.909090909090908,80.0,6.0
212,3,10,100,800,978.667,13,11.0,10.0,1.0,3,3,758,398,64.0,525.0,5.0
213,3,10,100,800,712.0,11,0.0,0.0,0.0,1,2,356,356,7.545454545454546,60.0,10.0
214,3,10,100,800,2045.0,12,750.0,6.0,744.0,3,1,655,308,14.166666666666666,107.0,8.0
215,3,10,100,800,339.667,12,1.0,1.0,0.0,2,3,295,134,34.166666666666664,396.0,6.0
216,3,10,100,800,1880.0,12,862.0,9.0,853.0,3,1,732,464,14.583333333333334,127.25,8.0
217,3,10,100,800,728.0,10,12.0,5.0,7.0,2,1,410,159,9.6,98.9,8.0
218,3,10,100,800,571.333,12,53.0,3.0,50.0,4,3,784,124,93.58333333333333,576.0,4.0
219,3,10,100,800,636.0,11,2.0,2.0,0.0,2,2,581,106,25.545454545454547,322.0,7.0
220,3,10,100,800,596.0,12,14.0,2.0,12.0,3,3,639,188,55.166666666666664,666.0,6.0
221,3,10,100,800,318.0,10,1.0,1.0,0.0,2,2,119,106,17.6,242.4,9.0
222,3,10,100,800,1136.0,11,17.0,5.0,12.0,3,2,586,376,40.72727272727273,444.0,6.0
223,3,10,100,800,520.5,11,23.0,5.0,18.0,3,2,648,131,36.72727272727273,532.0,7.0
224,3,10,100,800,522.0,11,1605.0,7.0,1598.0,4,2,711,174,46.90909090909091,590.1818181818181,6.0
225,3,10,100,800,1051.0,11,560.0,5.0,555.0,3,1,790,211,20.636363636363637,139.8181818181818,5.0
226,3,10,100,800,2216.0,12,544.0,5.0,539.0,3,1,777,349,21.416666666666668,135.58333333333334,5.0
227,3,10,100,800,2064.0,12,13.0,9.0,4.0,2,1,668,516,8.25,77.75,9.0
228,3,10,100,800,803.0,11,65.0,8.0,57.0,3,2,631,172,32.54545454545455,208.0,6.0
229,3,10,100,800,1488.0,12,37.0,2.0,35.0,3,2,599,263,29.333333333333332,293.3333333333333,8.0
230,3,10,100,800,796.0,12,1.0,1.0,0.0,2,3,580,216,33.833333333333336,246.25,7.0
231,3,10,100,800,871.0,11,1.0,1.0,0.0,2,2,695,176,24.545454545454547,322.0,7.0
232,3,10,100,800,1229.0,11,14408.0,7.0,14401.0,4,1,742,119,40.90909090909091,192.0,4.0
233,3,10,100,800,2058.0,12,17.0,9.0,8.0,2,1,563,466,10.916666666666666,64.83333333333333,8.0
234,3,10,100,800,2034.0,12,27078.0,6.0,27072.0,4,1,617,440,32.166666666666664,151.83333333333334,5.0
235,3,10,100,800,986.0,12,2.0,2.0,0.0,2,3,693,493,22.333333333333332,348.75,9.0
236,3,10,100,800,1014.0,12,97.0,7.0,90.0,3,2,609,348,29.833333333333332,259.5,7.0
237,3,10,100,800,1128.5,12,2.0,2.0,0.0,2,2,688,523,13.583333333333334,172.83333333333334,9.0
238,3,10,100,800,704.0,12,67.0,7.0,60.0,3,2,704,164,41.0,350.0,5.0
239,3,10,100,800,1056.5,13,120.0,9.0,111.0,4,3,754,343,89.84615384615384,589.3846153846154,5.0
240,3,10,100,800,473.0,12,1.0,1.0,0.0,2,3,287,186,29.083333333333332,265.5,8.0
241,3,10,100,800,628.0,13,212.0,6.0,206.0,4,3,756,194,76.76923076923077,936.0,6.0
242,3,10,100,800,1344.0,12,1.0,1.0,0.0,2,2,533,448,26.833333333333332,202.0,6.0
243,3,10,100,800,1830.0,12,0.0,0.0,0.0,1,2,610,610,9.916666666666666,92.66666666666667,10.0
244,3,10,100,800,842.0,12,196.0,5.0,191.0,4,3,605,421,76.83333333333333,693.0,6.0
245,3,10,100,800,429.0,10,0.0,0.0,0.0,1,2,143,143,10.1,95.2,10.0
246,3,10,100,800,978.0,12,60.0,3.0,57.0,3,2,553,208,41.833333333333336,206.16666666666666,5.0
247,3,10,100,800,1263.0,11,977.0,5.0,972.0,3,1,663,135,21.454545454545453,104.0,6.0
248,3,10,100,800,1602.0,12,561.0,5.0,556.0,4,2,731,169,50.583333333333336,393.6666666666667,7.0
249,3,10,100,800,767.5,13,15.0,2.0,13.0,3,3,519,252,55.76923076923077,405.9230769230769,6.0
250,3,10,100,800,830.0,10,924.0,4.0,920.0,3,1,321,188,19.6,154.3,6.0
251,3,10,100,800,751.0,11,602.0,6.0,596.0,3,1,358,181,20.818181818181817,139.8181818181818,5.0
252,3,10,100,800,1578.0,12,839.0,7.0,832.0,3,1,680,393,14.333333333333334,124.0,8.0
253,3,10,100,800,1376.0,12,2.0,2.0,0.0,2,2,603,340,25.5,168.33333333333334,7.0
254,3,10,100,800,2085.0,12,0.0,0.0,0.0,1,2,695,695,9.916666666666666,92.66666666666667,10.0
255,3,10,100,800,1699.0,12,100.0,6.0,94.0,3,1,714,271,25.833333333333332,132.0,4.0
256,3,10,100,800,1480.0,12,3.0,3.0,0.0,2,2,740,676,17.75,147.0,8.0
257,3,10,100,800,1357.0,11,1.0,1.0,0.0,2,2,566,450,26.636363636363637,174.0,6.0
258,3,10,100,800,641.0,13,721.0,7.0,714.0,5,3,794,122,162.92307692307693,756.0,4.0
259,3,10,100,800,888.0,11,22.0,5.0,17.0,2,1,239,222,10.727272727272727,75.18181818181819,8.0
260,3,10,100,800,1400.0,11,13.0,8.0,5.0,2,1,381,350,10.636363636363637,72.81818181818181,8.0
261,3,10,100,800,532.5,11,2.0,2.0,0.0,2,2,414,217,13.454545454545455,183.8181818181818,9.0
262,3,10,100,800,876.0,12,69.0,4.0,65.0,3,2,536,310,22.666666666666668,253.0,8.0
263,3,10,100,800,551.0,12,10.0,8.0,2.0,3,3,541,148,65.75,525.0,5.0
264,3,10,100,800,1968.0,11,12.0,8.0,4.0,2,1,642,492,8.181818181818182,75.18181818181819,9.0
265,3,10,100,800,453.0,12,1.0,1.0,0.0,2,3,339,114,34.666666666666664,246.25,7.0
266,3,10,100,800,966.0,13,1.0,1.0,0.0,2,3,644,349,35.76923076923077,245.76923076923077,6.0
267,3,10,100,800,1169.5,12,596.0,5.0,591.0,5,2,730,152,137.0,354.0,3.0
268,3,10,100,800,677.5,11,10.0,8.0,2.0,3,2,451,175,58.09090909090909,264.0,4.0
269,3,10,100,800,1104.0,11,0.0,0.0,0.0,1,2,368,368,10.0,93.81818181818181,10.0
270,3,10,100,800,1372.0,11,326.0,7.0,319.0,4,2,686,296,82.54545454545455,318.54545454545456,5.0
271,3,10,100,800,1540.0,11,13.0,7.0,6.0,2,1,403,385,8.454545454545455,77.54545454545455,9.0
272,3,10,100,800,966.0,11,248.0,5.0,243.0,4,2,773,154,80.27272727272727,500.0,5.0
273,3,10,100,800,2259.0,12,13.0,9.0,4.0,2,1,716,111,8.416666666666666,62.666666666666664,9.0
274,3,10,100,800,1367.5,12,3.0,3.0,0.0,2,2,793,356,20.666666666666668,120.83333333333333,7.0
275,3,10,100,800,1878.0,12,979918.0,5.0,979913.0,5,1,674,258,50.5,154.58333333333334,5.0
276,3,10,100,800,1656.0,12,1.0,1.0,0.0,2,2,662,552,21.833333333333332,228.0,8.0
277,3,10,100,800,1156.0,12,18.0,5.0,13.0,3,2,731,120,52.833333333333336,350.0,5.0
278,3,10,100,800,1230.0,12,44.0,8.0,36.0,3,2,764,466,32.083333333333336,342.8333333333333,5.0
279,3,10,100,800,1079.0,12,34.0,8.0,26.0,3,2,628,205,38.25,293.3333333333333,7.0
280,3,10,100,800,1182.0,11,998694.0,4.0,998690.0,5,1,627,234,36.09090909090909,352.90909090909093,6.0
281,3,10,100,800,1634.0,12,26706.0,6.0,26700.0,5,1,783,262,67.25,177.0,3.0
282,3,10,100,800,972.0,11,1.0,1.0,0.0,2,2,508,324,20.545454545454547,239.8181818181818,8.0
283,3,10,100,800,1072.0,13,0.0,0.0,0.0,1,3,536,536,13.307692307692308,137.53846153846155,10.0
284,3,10,100,800,1093.0,11,38829.0,6.0,38823.0,4,1,544,236,27.09090909090909,224.36363636363637,6.0
285,3,10,100,800,1270.0,12,18.0,5.0,13.0,3,2,666,131,52.5,278.3333333333333,5.0
286,3,10,100,800,309.0,11,1.0,1.0,0.0,2,3,172,137,22.0,315.54545454545456,9.0
287,3,10,100,800,411.0,10,1.0,1.0,0.0,2,2,183,137,26.4,237.0,6.0
288,3,10,100,800,956.0,12,369.0,8.0,361.0,4,2,473,134,62.0,413.6666666666667,6.0
289,3,10,100,800,1606.5,12,37.0,5.0,32.0,3,2,667,211,29.416666666666668,286.1666666666667,8.0
290,3,10,100,800,681.0,11,1.0,1.0,0.0,2,2,643,227,15.727272727272727,249.63636363636363,9.0
291,3,10,100,800,421.333,12,22.0,9.0,13.0,3,3,500,191,33.916666666666664,699.5,8.0
292,3,10,100,800,893.0,12,18.0,5.0,13.0,3,2,534,258,40.833333333333336,264.0,4.0
293,3,10,100,800,1664.0,11,1004.0,6.0,998.0,3,1,694,416,17.636363636363637,133.9090909090909,7.0
294,3,10,100,800,1759.0,12,575.0,5.0,570.0,3,1,685,371,20.666666666666668,142.75,5.0
295,3,10,100,800,733.5,13,118.0,6.0,112.0,4,3,720,113,85.61538461538461,750.0,5.0
296,3,10,100,800,2757.0,12,14.0,9.0,5.0,2,1,756,489,8.416666666666666,64.83333333333333,9.0
297,3,10,100,800,1196.0,12,5280.0,7.0,5273.0,6,2,791,130,200.33333333333334,444.0,3.0
298,3,10,100,800,1298.0,11,1008.0,4.0,1004.0,3,1,774,115,17.545454545454547,160.1818181818182,7.0
299,3,10,100,800,1944.0,11,0.0,0.0,0.0,1,1,486,486,4.818181818181818,29.727272727272727,10.0
300,3,30,100,800,2544.0,13,1.0,1.0,0.0,1,2,424,424,20.46153846153846,268.7692307692308,30.0
301,3,30,100,800,2240.0,12,76091.0,6.0,76085.0,2,1,344,176,64.33333333333333,369.4166666666667,23.0
302,3,30,100,800,2379.0,13,45131.0,7.0,45124.0,3,2,776,366,75.07692307692308,1187.6923076923076,28.0
303,3,30,100,800,1152.0,13,2709744.0,8.0,2709736.0,4,3,510,192,299.53846153846155,3574.846153846154,26.0
304,3,30,100,800,4291.0,14,7551373.0,8.0,7551365.0,4,2,784,488,690.7857142857143,2241.8571428571427,20.0
305,3,30,100,800,3330.0,14,4248888.0,7.0,4248881.0,4,2,555,265,851.0714285714286,1890.0,15.0
306,3,30,100,800,1964.0,13,46821322.0,7.0,46821315.0,4,2,519,106,429.15384615384613,2176.0,17.0
307,3,30,100,800,5969.0,14,113.0,9.0,104.0,2,2,757,670,48.0,840.5714285714286,29.0
308,3,30,100,800,0.0,4,0.0,0.0,0.0,5,2,770,339,2274.0,2080.0,13.0
309,3,30,100,800,0.0,1,0.0,0.0,0.0,6,2,664,198,28800.0,1674.0,9.0
310,3,30,100,800,2328.0,12,93.0,5.0,88.0,2,2,667,291,47.25,898.6666666666666,29.0
311,3,30,100,800,2948.5,13,36975.0,7.0,36968.0,3,2,754,226,293.46153846153845,1880.0,20.0
312,3,30,100,800,0.0,1,0.0,0.0,0.0,5,2,614,115,1760.0,3230.0,21.0
313,3,30,100,800,4332.0,14,15619.0,7.0,15612.0,3,2,584,244,91.92857142857143,1296.2857142857142,28.0
314,3,30,100,800,0.0,1,0.0,0.0,0.0,5,2,756,409,5376.0,2080.0,13.0
315,3,30,100,800,0.0,1,0.0,0.0,0.0,4,2,695,152,4368.0,1440.0,12.0
316,3,30,100,800,2873.0,13,20064259.0,6.0,20064253.0,3,1,776,221,81.61538461538461,641.3076923076923,26.0
317,3,30,100,800,0.0,1,0.0,0.0,0.0,6,2,776,166,14040.0,2352.0,12.0
318,3,30,100,800,0.0,1,0.0,0.0,0.0,4,1,678,303,980.0,1024.0,18.0
319,3,30,100,800,4695.5,13,89100.0,8.0,89092.0,3,2,669,281,241.07692307692307,1287.3846153846155,25.0
320,3,30,100,800,2423.17,14,17464.0,7.0,17457.0,3,3,556,259,632.5,1758.642857142857,20.0
321,3,30,100,800,0.0,3,0.0,0.0,0.0,5,2,709,215,528.0,3046.0,25.0
322,3,30,100,800,0.0,1,0.0,0.0,0.0,7,3,782,158,11596.0,5445.0,15.0
323,3,30,100,800,1014.83,13,4992.0,6.0,4986.0,3,3,533,117,409.6923076923077,2346.0,17.0
324,3,30,100,800,0.0,13,0.0,0.0,0.0,3,1,688,153,200.3846153846154,325.6923076923077,21.0
325,3,30,100,800,0.0,1,0.0,0.0,0.0,4,1,756,394,1376.0,1088.0,17.0
326,3,30,100,800,1408.0,12,0.0,0.0,0.0,1,2,176,176,25.583333333333332,367.0,30.0
327,3,30,100,800,3136.0,13,66538.0,7.0,66531.0,2,1,784,166,63.53846153846154,559.3076923076923,23.0
328,3,30,100,800,0.0,1,0.0,0.0,0.0,3,1,749,600,604.0,782.0,17.0
329,3,30,100,800,0.0,1,0.0,0.0,0.0,3,1,784,628,641.0,874.0,19.0
330,3,30,100,800,0.0,1,0.0,0.0,0.0,4,1,609,208,568.0,1088.0,22.0
331,3,30,100,800,0.0,1,0.0,0.0,0.0,4,1,427,117,520.0,1407.0,23.0
332,3,30,100,800,0.0,1,0.0,0.0,0.0,7,3,552,120,54224.0,2997.0,9.0
333,3,30,100,800,0.0,1,0.0,0.0,0.0,5,2,512,227,7920.0,1520.0,10.0
334,3,30,100,800,2433.33,14,101.0,6.0,95.0,2,3,713,415,172.78571428571428,1508.142857142857,23.0
335,3,30,100,800,0.0,1,0.0,0.0,0.0,4,1,667,438,457.0,1235.0,22.0
336,3,30,100,800,0.0,1,0.0,0.0,0.0,4,1,725,177,1032.0,945.0,20.0
337,3,30,100,800,0.0,1,0.0,0.0,0.0,7,2,541,149,34560.0,1744.0,8.0
338,3,30,100,800,1207.0,12,20102.0,5.0,20097.0,3,2,532,131,155.66666666666666,1755.8333333333333,26.0
339,3,30,100,800,4384.0,14,17300343.0,9.0,17300334.0,4,2,747,180,574.0,1812.4285714285713,23.0
340,3,30,100,800,0.0,1,0.0,0.0,0.0,6,2,631,162,4788.0,3780.0,18.0
341,3,30,100,800,0.0,1,0.0,0.0,0.0,5,2,698,334,6300.0,2080.0,13.0
342,3,30,100,800,0.0,1,0.0,0.0,0.0,5,2,719,298,2432.0,3024.0,18.0
343,3,30,100,800,2067.0,13,173.0,7.0,166.0,2,2,549,253,67.46153846153847,933.6923076923077,28.0
344,3,30,100,800,0.0,1,0.0,0.0,0.0,7,2,711,156,35280.0,1998.0,9.0
345,3,30,100,800,2732.33,15,2492028.0,7.0,2492021.0,4,3,651,323,414.26666666666665,2739.4,25.0
346,3,30,100,800,1582.33,13,96.0,6.0,90.0,2,3,611,188,197.30769230769232,1827.0,21.0
347,3,30,100,800,0.0,1,0.0,0.0,0.0,7,2,684,181,24960.0,2808.0,12.0
348,3,30,100,800,0.0,1,0.0,0.0,0.0,5,1,782,216,2872.0,1134.0,14.0
349,3,30,100,800,0.0,1,0.0,0.0,0.0,8,2,745,212,36867.0,4260.0,15.0
350,3,30,100,800,0.0,1,0.0,0.0,0.0,4,1,741,330,1200.0,1088.0,20.0
351,3,30,100,800,1947.0,13,89180.0,6.0,89174.0,3,2,621,106,279.0,1391.076923076923,24.0
352,3,30,100,800,0.0,1,0.0,0.0,0.0,5,1,701,370,2928.0,1040.0,13.0
353,3,30,100,800,5262.0,13,70975.0,7.0,70968.0,3,2,764,339,231.53846153846155,1192.4615384615386,24.0
354,3,30,100,800,0.0,1,0.0,0.0,0.0,5,2,746,444,2720.0,2656.0,16.0
355,3,30,100,800,1724.0,12,1462062.0,7.0,1462055.0,3,2,488,216,306.0833333333333,1415.0,20.0
356,3,30,100,800,0.0,1,0.0,0.0,0.0,6,2,691,260,4800.0,3990.0,19.0
357,3,30,100,800,3120.0,12,47723.0,5.0,47718.0,2,1,641,260,47.833333333333336,355.5833333333333,26.0
358,3,30,100,800,0.0,1,0.0,0.0,0.0,5,2,778,531,6720.0,1694.0,11.0
359,3,30,100,800,0.0,1,0.0,0.0,0.0,5,1,744,275,6468.0,1134.0,14.0
360,3,30,100,800,4560.0,14,17698251.0,8.0,17698243.0,4,2,678,201,664.7857142857143,1908.142857142857,22.0
361,3,30,100,800,0.0,6,0.0,0.0,0.0,4,2,633,339,912.1666666666666,1425.0,16.0
362,3,30,100,800,0.0,1,0.0,0.0,0.0,5,1,752,202,3720.0,1230.0,15.0
363,3,30,100,800,3210.5,13,25861174.0,7.0,25861167.0,4,2,464,109,1021.0769230769231,1714.1538461538462,19.0
364,3,30,100,800,1698.0,13,985.0,8.0,977.0,2,2,323,275,68.84615384615384,673.8461538461538,27.0
365,3,30,100,800,3880.5,14,1815610.0,8.0,1815602.0,3,2,709,501,373.2857142857143,923.2857142857143,19.0
366,3,30,100,800,3512.5,13,65162.0,5.0,65157.0,3,2,530,135,204.84615384615384,1176.6153846153845,25.0
367,3,30,100,800,3080.0,14,0.0,0.0,0.0,1,3,616,616,30.785714285714285,475.7142857142857,30.0
368,3,30,100,800,2198.5,13,978.0,7.0,971.0,2,2,431,259,133.07692307692307,644.9230769230769,18.0
369,3,30,100,800,5748.0,14,47438085.0,8.0,47438077.0,3,1,585,482,120.21428571428571,440.57142857142856,23.0
370,3,30,100,800,0.0,1,0.0,0.0,0.0,6,3,731,122,3425.0,5304.0,21.0
371,3,30,100,800,3214.0,14,325.0,5.0,320.0,2,2,668,384,100.5,939.0,26.0
372,3,30,100,800,0.0,1,0.0,0.0,0.0,3,1,441,402,450.0,940.0,21.0
373,3,30,100,800,0.0,1,0.0,0.0,0.0,5,2,459,190,7803.0,1896.0,12.0
374,3,30,100,800,0.0,1,0.0,0.0,0.0,5,2,738,510,4563.0,1896.0,12.0
375,3,30,100,800,0.0,2,0.0,0.0,0.0,4,2,655,274,1531.5,1969.0,16.0
376,3,30,100,800,0.0,1,0.0,0.0,0.0,4,1,652,105,1908.0,793.0,16.0
377,3,30,100,800,2625.0,13,349.0,7.0,342.0,2,2,375,110,88.84615384615384,765.6923076923077,27.0
378,3,30,100,800,5132.0,14,27665.0,7.0,27658.0,3,2,661,577,131.71428571428572,1370.2857142857142,27.0
379,3,30,100,800,0.0,1,0.0,0.0,0.0,5,1,633,353,4674.0,948.0,12.0
380,3,30,100,800,3395.0,14,31518946.0,9.0,31518937.0,4,2,681,295,417.57142857142856,1629.7142857142858,15.0
381,3,30,100,800,5347.5,14,326.0,8.0,318.0,2,2,713,580,87.71428571428571,819.0,27.0
382,3,30,100,800,0.0,1,0.0,0.0,0.0,3,1,340,154,600.0,660.0,16.0
383,3,30,100,800,2134.0,13,65333.0,8.0,65325.0,2,1,455,153,56.38461538461539,417.15384615384613,24.0
384,3,30,100,800,0.0,1,0.0,0.0,0.0,4,1,731,178,221.0,1235.0,26.0
385,3,30,100,800,864.5,11,547817.0,7.0,547810.0,3,2,225,106,207.0909090909091,1193.8181818181818,24.0
386,3,30,100,800,0.0,1,0.0,0.0,0.0,5,2,750,123,2912.0,2080.0,13.0
387,3,30,100,800,2472.0,12,0.0,0.0,0.0,1,2,309,309,25.583333333333332,367.0,30.0
388,3,30,100,800,2777.33,15,9332.0,8.0,9324.0,3,3,578,279,220.73333333333332,1929.2,26.0
389,3,30,100,800,2660.5,13,21872.0,6.0,21866.0,3,2,616,329,127.61538461538461,1507.2307692307693,27.0
390,3,30,100,800,1358.5,12,6746275.0,7.0,6746268.0,4,2,447,209,132.0,1666.0,27.0
391,3,30,100,800,0.0,1,0.0,0.0,0.0,8,2,745,139,36000.0,3920.0,14.0
392,3,30,100,800,879.0,13,10561.0,7.0,10554.0,3,3,503,124,322.0,3080.076923076923,24.0
393,3,30,100,800,0.0,1,0.0,0.0,0.0,5,2,732,314,1920.0,2856.0,19.0
394,3,30,100,800,0.0,1,0.0,0.0,0.0,7,1,631,100,14617.0,1547.0,13.0
395,3,30,100,800,1920.0,12,213122.0,6.0,213116.0,3,2,771,256,132.16666666666666,1387.8333333333333,26.0
396,3,30,100,800,0.0,1,0.0,0.0,0.0,6,2,644,120,3122.0,2800.0,14.0
397,3,30,100,800,1758.0,12,567.0,7.0,560.0,2,2,254,122,136.91666666666666,723.5,24.0
398,3,30,100,800,0.0,1,0.0,0.0,0.0,4,2,584,189,2772.0,1586.0,13.0
399,3,30,100,800,0.0,1,0.0,0.0,0.0,3,1,492,153,525.0,987.0,21.0
400,4,30,100,800,0.0,1,0.0,0.0,0.0,6,1,738,118,2109.0,1890.0,21.0
401,4,30,100,800,2423.0,13,288178.0,7.0,288171.0,3,2,688,349,98.3076923076923,1163.8461538461538,27.0
402,4,30,100,800,2302.5,13,122574084.0,7.0,122574077.0,4,2,763,226,346.2307692307692,2591.230769230769,20.0
403,4,30,100,800,0.0,1,0.0,0.0,0.0,6,2,797,209,768.0,4240.0,25.0
404,4,30,100,800,0.0,1,0.0,0.0,0.0,4,2,464,177,962.0,2048.0,22.0
405,4,30,100,800,0.0,1,0.0,0.0,0.0,4,1,452,195,141.0,1170.0,27.0
406,4,30,100,800,0.0,1,0.0,0.0,0.0,4,1,586,182,1458.0,720.0,13.0
407,4,30,100,800,1867.0,14,1283660.0,9.0,1283651.0,4,3,639,246,1624.857142857143,2835.0,15.0
408,4,30,100,800,0.0,1,0.0,0.0,0.0,6,2,790,473,22685.0,1674.0,9.0
409,4,30,100,800,2394.33,15,308256.0,8.0,308248.0,4,3,649,447,752.8,2379.4,14.0
410,4,30,100,800,0.0,1,0.0,0.0,0.0,6,2,651,217,20729.0,1674.0,9.0
411,4,30,100,800,0.0,1,0.0,0.0,0.0,6,2,681,113,4657.0,2574.0,17.0
412,4,30,100,800,1215.83,14,1527692.0,8.0,1527684.0,4,3,378,218,1080.5,2557.9285714285716,18.0
413,4,30,100,800,0.0,1,0.0,0.0,0.0,4,2,707,335,3525.0,1440.0,12.0
414,4,30,100,800,3966.0,14,1494792.0,7.0,1494785.0,3,2,684,145,149.28571428571428,1001.4285714285714,26.0
415,4,30,100,800,0.0,1,0.0,0.0,0.0,6,2,788,298,15663.0,2352.0,12.0
416,4,30,100,800,0.0,1,0.0,0.0,0.0,3,1,537,199,110.0,940.0,27.0
417,4,30,100,800,0.0,1,0.0,0.0,0.0,6,2,480,148,6916.0,3030.0,15.0
418,4,30,100,800,2519.5,14,1628561.0,7.0,1628554.0,3,2,651,166,267.07142857142856,1232.0,15.0
419,4,30,100,800,2402.0,15,13525432.0,9.0,13525423.0,4,3,736,181,456.6,1668.8,22.0
420,4,30,100,800,0.0,1,0.0,0.0,0.0,6,3,774,193,21462.0,2511.0,9.0
421,4,30,100,800,1839.0,13,182475.0,7.0,182468.0,3,2,657,312,118.3076923076923,1035.5384615384614,24.0
422,4,30,100,800,2425.67,15,10459.0,10.0,10449.0,3,3,769,282,386.6666666666667,1955.8,18.0
423,4,30,100,800,0.0,1,0.0,0.0,0.0,7,2,795,210,11405.0,2530.0,11.0
424,4,30,100,800,0.0,13,0.0,0.0,0.0,5,4,697,187,1616.7692307692307,5428.0,19.0
425,4,30,100,800,0.0,1,0.0,0.0,0.0,5,1,215,152,3114.0,1230.0,15.0
426,4,30,100,800,0.0,2,0.0,0.0,0.0,3,1,759,231,536.5,751.0,17.0
427,4,30,100,800,0.0,1,0.0,0.0,0.0,4,2,733,121,3407.0,1160.0,14.0
428,4,30,100,800,0.0,1,0.0,0.0,0.0,3,1,314,104,270.0,616.0,20.0
429,4,30,100,800,3864.0,14,2108.0,7.0,2101.0,2,2,644,321,55.0,595.4285714285714,28.0
430,4,30,100,800,0.0,1,0.0,0.0,0.0,7,1,511,149,17621.0,872.0,8.0
431,4,30,100,800,0.0,1,0.0,0.0,0.0,3,1,461,142,235.0,720.0,24.0
432,4,30,100,800,0.0,1,0.0,0.0,0.0,5,1,743,194,4608.0,1040.0,13.0
433,4,30,100,800,1739.5,14,8790.0,7.0,8783.0,3,3,634,195,483.7857142857143,1848.0,14.0
434,4,30,100,800,1532.0,14,908.0,10.0,898.0,2,3,477,419,118.85714285714286,815.1428571428571,19.0
435,4,30,100,800,3275.5,14,23781.0,7.0,23774.0,2,2,751,543,54.285714285714285,460.85714285714283,27.0
436,4,30,100,800,0.0,1,0.0,0.0,0.0,6,2,687,147,5601.0,2800.0,15.0
437,4,30,100,800,2784.0,13,40608321.0,6.0,40608315.0,4,2,570,118,141.0,1444.6153846153845,27.0
438,4,30,100,800,2796.0,15,20490.0,7.0,20483.0,3,3,699,249,206.66666666666666,1462.4,26.0
439,4,30,100,800,840.0,13,1640369.0,8.0,1640361.0,4,3,632,120,330.2307692307692,4296.2307692307695,24.0
440,4,30,100,800,1872.0,13,92974791.0,8.0,92974783.0,3,2,532,360,165.92307692307693,800.4615384615385,22.0
441,4,30,100,800,0.0,1,0.0,0.0,0.0,5,2,724,178,1606.0,3230.0,21.0
442,4,30,100,800,0.0,1,0.0,0.0,0.0,5,1,787,318,4273.0,1040.0,13.0
443,4,30,100,800,0.0,1,0.0,0.0,0.0,6,2,561,208,8277.0,3296.0,16.0
444,4,30,100,800,2571.0,15,21155.0,8.0,21147.0,3,3,782,176,340.8,1141.2,20.0
445,4,30,100,800,2525.0,13,247908.0,8.0,247900.0,3,2,678,399,154.84615384615384,1101.8461538461538,19.0
446,4,30,100,800,0.0,1,0.0,0.0,0.0,6,2,656,159,10569.0,2352.0,12.0
447,4,30,100,800,0.0,1,0.0,0.0,0.0,3,1,780,450,105.0,828.0,27.0
448,4,30,100,800,0.0,1,0.0,0.0,0.0,4,2,684,124,1929.0,1586.0,15.0
449,4,30,100,800,0.0,1,0.0,0.0,0.0,6,2,793,137,7119.0,3030.0,17.0
450,4,30,100,800,0.0,1,0.0,0.0,0.0,7,2,699,156,9805.0,3360.0,14.0
451,4,30,100,800,798.0,13,854088.0,10.0,854078.0,4,3,302,106,1285.3846153846155,2835.0,15.0
452,4,30,100,800,975.333,13,56.0,9.0,47.0,2,3,485,209,55.23076923076923,1145.7692307692307,29.0
453,4,30,100,800,1525.0,13,790.0,7.0,783.0,2,2,305,292,58.69230769230769,517.5384615384615,27.0
454,4,30,100,800,0.0,1,0.0,0.0,0.0,6,3,748,245,24156.0,2511.0,9.0
455,4,30,100,800,2726.0,13,731430.0,5.0,731425.0,3,2,563,400,193.23076923076923,1163.8461538461538,21.0
456,4,30,100,800,1044.0,14,153010691.0,9.0,153010682.0,4,3,706,172,451.42857142857144,3525.4285714285716,20.0
457,4,30,100,800,0.0,1,0.0,0.0,0.0,7,2,651,121,16864.0,2808.0,12.0
458,4,30,100,800,2372.0,13,1046.0,6.0,1040.0,2,2,476,460,68.0,507.0769230769231,26.0
459,4,30,100,800,0.0,1,0.0,0.0,0.0,5,1,330,139,2824.0,1428.0,17.0
460,4,30,100,800,3010.5,14,1361.0,7.0,1354.0,2,2,611,522,75.64285714285714,488.2857142857143,25.0
461,4,30,100,800,1688.0,13,1403502.0,8.0,1403494.0,2,1,312,211,37.30769230769231,233.30769230769232,26.0
462,4,30,100,800,1523.0,14,18446625.0,13.0,18446612.0,5,3,569,167,2264.1428571428573,2844.0,12.0
463,4,30,100,800,0.0,1,0.0,0.0,0.0,4,1,703,107,2885.0,793.0,13.0
464,4,30,100,800,2188.0,15,1.0,1.0,0.0,1,3,547,547,26.533333333333335,386.6,30.0
465,4,30,100,800,2673.0,14,1187507.0,9.0,1187498.0,3,2,638,320,57.42857142857143,788.8571428571429,28.0
466,4,30,100,800,0.0,1,0.0,0.0,0.0,4,1,755,561,1271.0,945.0,15.0
467,4,30,100,800,0.0,1,0.0,0.0,0.0,4,2,777,270,1597.0,2176.0,17.0
468,4,30,100,800,3191.0,14,29038332.0,9.0,29038323.0,3,2,779,494,134.85714285714286,720.5714285714286,23.0
469,4,30,100,800,0.0,1,0.0,0.0,0.0,4,2,481,110,1542.0,2048.0,16.0
470,4,30,100,800,0.0,1,0.0,0.0,0.0,6,1,696,105,3170.0,1287.0,13.0
471,4,30,100,800,0.0,1,0.0,0.0,0.0,7,1,800,157,33489.0,872.0,8.0
472,4,30,100,800,0.0,1,0.0,0.0,0.0,5,3,796,159,7810.0,3690.0,15.0
473,4,30,100,800,0.0,1,0.0,0.0,0.0,5,2,721,375,8790.0,2080.0,13.0
474,4,30,100,800,1866.0,13,1293.0,7.0,1286.0,2,2,718,263,60.46153846153846,779.3846153846154,27.0
475,4,30,100,800,801.0,13,172.0,7.0,165.0,2,3,553,178,62.23076923076923,1080.4615384615386,28.0
476,4,30,100,800,1907.5,15,730321.0,9.0,730312.0,4,3,643,282,992.2666666666667,3072.0,16.0
477,4,30,100,800,0.0,1,0.0,0.0,0.0,5,1,795,320,986.0,1914.0,22.0
478,4,30,100,800,0.0,1,0.0,0.0,0.0,5,1,447,140,1024.0,1328.0,21.0
479,4,30,100,800,2886.0,13,2.0,2.0,0.0,1,2,481,481,19.76923076923077,256.7692307692308,30.0
480,4,30,100,800,1428.0,13,30492972.0,7.0,30492965.0,4,2,775,181,167.30769230769232,1842.0,26.0
481,4,30,100,800,0.0,1,0.0,0.0,0.0,4,1,728,114,1282.0,868.0,17.0
482,4,30,100,800,0.0,1,0.0,0.0,0.0,4,1,638,203,148.0,1407.0,27.0
483,4,30,100,800,928.0,14,1738989.0,11.0,1738978.0,4,3,648,100,1799.857142857143,2835.0,15.0
484,4,30,100,800,0.0,1,0.0,0.0,0.0,6,2,714,199,14133.0,2574.0,13.0
485,4,30,100,800,0.0,1,0.0,0.0,0.0,4,1,759,170,1146.0,868.0,17.0
486,4,30,100,800,2728.0,13,1692142.0,8.0,1692134.0,3,2,485,322,215.15384615384616,941.5384615384615,21.0
487,4,30,100,800,3319.0,14,130157.0,7.0,130150.0,2,1,533,398,47.714285714285715,240.64285714285714,22.0
488,4,30,100,800,0.0,1,0.0,0.0,0.0,5,2,757,115,1075.0,2460.0,23.0
489,4,30,100,800,1721.0,12,472.0,7.0,465.0,2,2,729,248,37.166666666666664,689.3333333333334,29.0
490,4,30,100,800,2062.0,14,436891.0,10.0,436881.0,4,3,751,249,1321.4285714285713,2144.785714285714,12.0
491,4,30,100,800,0.0,1,0.0,0.0,0.0,6,2,710,189,4162.0,3536.0,20.0
492,4,30,100,800,0.0,1,0.0,0.0,0.0,5,1,760,195,1615.0,1134.0,14.0
493,4,30,100,800,0.0,1,0.0,0.0,0.0,4,2,631,200,1519.0,2470.0,19.0
494,4,30,100,800,1963.5,13,1311.0,6.0,1305.0,2,2,583,319,78.6923076923077,679.8461538461538,22.0
495,4,30,100,800,0.0,6,0.0,0.0,0.0,5,3,705,382,936.6666666666666,3027.5,19.0
496,4,30,100,800,0.0,1,0.0,0.0,0.0,5,1,615,190,960.0,1720.0,20.0
497,4,30,100,800,0.0,1,0.0,0.0,0.0,5,2,671,229,3770.0,2460.0,18.0
498,4,30,100,800,0.0,1,0.0,0.0,0.0,4,2,721,140,760.0,2340.0,18.0
499,4,30,100,800,1430.0,12,537.0,6.0,531.0,2,2,489,220,37.583333333333336,672.0,29.0
500,6,30,100,800,0.0,1,0.0,0.0,0.0,4,2,636,171,2547.0,1736.0,15.0
501,6,30,100,800,1347.5,15,16480.0,8.0,16472.0,3,4,689,324,97.46666666666667,1633.6,28.0
502,6,30,100,800,600.0,12,17480.0,7.0,17473.0,2,2,744,114,24.416666666666668,568.1666666666666,29.0
503,6,30,100,800,0.0,1,0.0,0.0,0.0,7,2,663,137,34171.0,1998.0,9.0
504,6,30,100,800,0.0,1,0.0,0.0,0.0,7,2,768,139,15175.0,2530.0,12.0
505,6,30,100,800,0.0,1,0.0,0.0,0.0,5,4,655,242,5037.0,5312.0,16.0
506,6,30,100,800,0.0,1,0.0,0.0,0.0,6,3,653,140,17051.0,2820.0,10.0
507,6,30,100,800,0.0,1,0.0,0.0,0.0,3,2,629,292,450.0,2112.0,22.0
508,6,30,100,800,1321.0,15,1151316.0,8.0,1151308.0,4,4,705,116,558.2666666666667,2941.3333333333335,17.0
509,6,30,100,800,0.0,1,0.0,0.0,0.0,5,1,704,110,6049.0,584.0,8.0
510,6,30,100,800,798.0,12,52372593.0,5.0,52372588.0,2,1,299,133,14.0,168.66666666666666,29.0
511,6,30,100,800,0.0,1,0.0,0.0,0.0,6,3,670,316,16739.0,3528.0,12.0
512,6,30,100,800,1182.5,14,25569905.0,9.0,25569896.0,3,2,555,319,176.07142857142858,623.0,13.0
513,6,30,100,800,1781.0,14,20777941.0,7.0,20777934.0,3,2,705,538,163.85714285714286,553.2857142857143,13.0
514,6,30,100,800,944.0,14,14175.0,7.0,14168.0,3,4,612,332,187.78571428571428,1880.0,25.0
515,6,30,100,800,0.0,1,0.0,0.0,0.0,5,2,780,124,2380.0,2268.0,17.0
516,6,30,100,800,0.0,1,0.0,0.0,0.0,4,2,732,473,866.0,2340.0,21.0
517,6,30,100,800,0.0,1,0.0,0.0,0.0,4,1,768,115,132.0,1024.0,27.0
518,6,30,100,800,938.5,14,40756501.0,9.0,40756492.0,4,3,655,163,353.2857142857143,3250.285714285714,17.0
519,6,30,100,800,0.0,1,0.0,0.0,0.0,4,1,608,178,1301.0,720.0,12.0
520,6,30,100,800,0.0,1,0.0,0.0,0.0,7,2,588,128,5219.0,4216.0,19.0
521,6,30,100,800,0.0,1,0.0,0.0,0.0,8,4,789,186,32779.0,6576.0,12.0
522,6,30,100,800,527.333,13,5180363.0,8.0,5180355.0,3,3,718,149,69.3076923076923,1502.076923076923,26.0
523,6,30,100,800,0.0,1,0.0,0.0,0.0,4,2,680,293,2700.0,1736.0,14.0
524,6,30,100,800,0.0,1,0.0,0.0,0.0,5,1,669,342,2962.0,948.0,12.0
525,6,30,100,800,1381.67,15,402724.0,8.0,402716.0,3,3,680,195,302.06666666666666,1331.6,14.0
526,6,30,100,800,0.0,1,0.0,0.0,0.0,6,2,762,310,691.0,4240.0,25.0
527,6,30,100,800,0.0,1,0.0,0.0,0.0,4,3,721,417,829.0,3510.0,19.0
528,6,30,100,800,0.0,1,0.0,0.0,0.0,3,2,749,700,508.0,1564.0,21.0
529,6,30,100,800,0.0,1,0.0,0.0,0.0,6,2,794,128,3432.0,3990.0,19.0
530,6,30,100,800,0.0,1,0.0,0.0,0.0,4,2,461,280,2586.0,1736.0,14.0
531,6,30,100,800,1870.0,14,46.0,5.0,41.0,1,1,374,374,7.571428571428571,60.57142857142857,30.0
532,6,30,100,800,0.0,1,0.0,0.0,0.0,5,1,737,308,368.0,1328.0,25.0
533,6,30,100,800,0.0,1,0.0,0.0,0.0,3,2,686,198,674.0,1032.0,17.0
534,6,30,100,800,0.0,1,0.0,0.0,0.0,3,1,747,312,232.0,987.0,22.0
535,6,30,100,800,0.0,1,0.0,0.0,0.0,4,3,796,272,2166.0,2835.0,15.0
536,6,30,100,800,0.0,1,0.0,0.0,0.0,4,2,680,351,2147.0,1736.0,14.0
537,6,30,100,800,1240.75,16,49294745.0,9.0,49294736.0,3,4,710,545,186.125,1176.5,23.0
538,6,30,100,800,0.0,1,0.0,0.0,0.0,7,4,748,423,31016.0,6720.0,14.0
539,6,30,100,800,0.0,1,0.0,0.0,0.0,5,2,319,126,4460.0,1896.0,12.0
540,6,30,100,800,0.0,1,0.0,0.0,0.0,7,1,751,202,9961.0,2108.0,17.0
541,6,30,100,800,370.667,13,2086.0,8.0,2078.0,2,3,782,139,25.76923076923077,648.6923076923077,29.0
542,6,30,100,800,0.0,1,0.0,0.0,0.0,4,1,693,215,1277.0,1024.0,16.0
543,6,30,100,800,0.0,1,0.0,0.0,0.0,3,2,465,198,740.0,1656.0,18.0
544,6,30,100,800,702.0,15,61175789.0,10.0,61175779.0,4,4,468,150,327.6,2556.8,20.0
545,6,30,100,800,0.0,1,0.0,0.0,0.0,5,4,578,158,7693.0,4160.0,13.0
546,6,30,100,800,0.0,1,0.0,0.0,0.0,5,4,510,158,2434.0,4536.0,21.0
547,6,30,100,800,0.0,1,0.0,0.0,0.0,5,2,778,159,4837.0,2080.0,13.0
548,6,30,100,800,1045.0,13,18524510.0,5.0,18524505.0,3,2,584,209,89.53846153846153,920.3076923076923,24.0
549,6,30,100,800,0.0,1,0.0,0.0,0.0,5,1,732,385,8099.0,584.0,8.0
550,6,30,100,800,0.0,1,0.0,0.0,0.0,5,2,777,100,5157.0,1694.0,11.0
551,6,30,100,800,0.0,1,0.0,0.0,0.0,6,3,442,140,5950.0,4200.0,14.0
552,6,30,100,800,0.0,1,0.0,0.0,0.0,4,2,780,304,505.0,2340.0,24.0
553,6,30,100,800,0.0,1,0.0,0.0,0.0,3,2,450,260,302.0,1880.0,22.0
554,6,30,100,800,0.0,1,0.0,0.0,0.0,6,4,751,169,13966.0,4224.0,11.0
555,6,30,100,800,0.0,1,0.0,0.0,0.0,4,2,794,483,1025.0,1890.0,15.0
556,6,30,100,800,0.0,1,0.0,0.0,0.0,8,2,727,143,62212.0,2048.0,8.0
557,6,30,100,800,0.0,1,0.0,0.0,0.0,5,2,461,131,1414.0,3654.0,21.0
558,6,30,100,800,0.0,1,0.0,0.0,0.0,4,1,396,172,945.0,868.0,20.0
559,6,30,100,800,0.0,1,0.0,0.0,0.0,6,1,785,388,3623.0,1890.0,18.0
560,6,30,100,800,0.0,1,0.0,0.0,0.0,4,3,716,395,1509.0,2604.0,17.0
561,6,30,100,800,0.0,1,0.0,0.0,0.0,7,4,678,167,46891.0,3488.0,8.0
562,6,30,100,800,0.0,1,0.0,0.0,0.0,4,2,656,103,352.0,2470.0,25.0
563,6,30,100,800,0.0,1,0.0,0.0,0.0,6,4,705,199,7074.0,7560.0,18.0
564,6,30,100,800,1398.5,16,60687782.0,8.0,60687774.0,4,4,681,237,235.125,1967.75,26.0
565,6,30,100,800,1140.0,15,957.0,9.0,948.0,2,3,482,380,69.13333333333334,700.2,26.0
566,6,30,100,800,0.0,1,0.0,0.0,0.0,6,3,441,132,4454.0,3861.0,13.0
567,6,30,100,800,0.0,1,0.0,0.0,0.0,4,2,742,297,2866.0,1298.0,11.0
568,6,30,100,800,0.0,1,0.0,0.0,0.0,5,3,704,517,5463.0,2541.0,11.0
569,6,30,100,800,0.0,1,0.0,0.0,0.0,4,1,730,229,1235.0,945.0,18.0
570,6,30,100,800,1422.67,15,229647.0,8.0,229639.0,3,3,586,502,189.26666666666668,1037.2,15.0
571,6,30,100,800,0.0,1,0.0,0.0,0.0,6,3,480,266,8226.0,3861.0,13.0
572,6,30,100,800,3900.0,14,52374643.0,7.0,52374636.0,2,1,780,132,13.928571428571429,140.64285714285714,29.0
573,6,30,100,800,0.0,1,0.0,0.0,0.0,4,3,797,194,2104.0,2160.0,12.0
574,6,30,100,800,1744.0,15,2725493.0,7.0,2725486.0,3,3,677,436,288.46666666666664,1521.4,19.0
575,6,30,100,800,0.0,1,0.0,0.0,0.0,4,3,796,283,2758.0,2379.0,14.0
576,6,30,100,800,0.0,1,0.0,0.0,0.0,5,3,612,228,1978.0,4536.0,19.0
577,6,30,100,800,0.0,1,0.0,0.0,0.0,5,2,496,131,5623.0,1520.0,10.0
578,6,30,100,800,0.0,1,0.0,0.0,0.0,8,2,761,131,4497.0,6300.0,21.0
579,6,30,100,800,0.0,1,0.0,0.0,0.0,5,2,615,124,3812.0,2656.0,16.0
580,6,30,100,800,0.0,1,0.0,0.0,0.0,3,1,710,339,221.0,720.0,22.0
581,6,30,100,800,0.0,1,0.0,0.0,0.0,4,2,571,313,282.0,2176.0,26.0
582,6,30,100,800,698.0,12,22628.0,6.0,22622.0,2,2,188,134,79.66666666666667,539.0,16.0
583,6,30,100,800,1275.42,16,87019104.0,11.0,87019093.0,4,4,661,443,998.0,1721.75,17.0
584,6,30,100,800,1038.0,14,2120888.0,7.0,2120881.0,3,3,619,135,141.64285714285714,1279.2857142857142,26.0
585,6,30,100,800,1773.0,15,152746.0,7.0,152739.0,3,3,605,139,124.33333333333333,1037.6,26.0
586,6,30,100,800,0.0,1,0.0,0.0,0.0,2,1,433,275,52.0,504.0,28.0
587,6,30,100,800,0.0,1,0.0,0.0,0.0,4,3,427,162,1621.0,3264.0,17.0
588,6,30,100,800,1125.67,14,2312.0,7.0,2305.0,2,3,632,217,94.35714285714286,1248.4285714285713,22.0
589,6,30,100,800,1308.0,14,14454501.0,9.0,14454492.0,4,3,607,367,361.64285714285717,1944.642857142857,21.0
590,6,30,100,800,0.0,4,0.0,0.0,0.0,3,1,617,329,354.5,460.0,13.0
591,6,30,100,800,483.0,17,13329417.0,16.0,13329401.0,5,5,629,122,2034.3529411764705,3800.0,10.0
592,6,30,100,800,0.0,1,0.0,0.0,0.0,5,4,605,136,6005.0,4536.0,16.0
593,6,30,100,800,0.0,1,0.0,0.0,0.0,5,1,716,133,789.0,1512.0,23.0
594,6,30,100,800,0.0,1,0.0,0.0,0.0,7,4,768,118,13302.0,6720.0,17.0
595,6,30,100,800,0.0,1,0.0,0.0,0.0,6,4,763,164,12665.0,4224.0,14.0
596,6,30,100,800,603.0,15,12356062.0,9.0,12356053.0,4,4,491,112,640.5333333333333,3172.0,13.0
597,6,30,100,800,0.0,1,0.0,0.0,0.0,6,1,512,134,1114.0,2507.0,23.0
598,6,30,100,800,0.0,1,0.0,0.0,0.0,7,2,689,147,23975.0,1998.0,9.0
599,6,30,100,800,992.0,13,66580288.0,8.0,66580280.0,3,2,740,140,124.61538461538461,818.0,23.0
